"file","sha256"
"bronze1.png","8CBA0A717F5D2D291FD53831941BB0A22794A7168AC2C7C423AA112EF13FCC75"
"bronze2.png","F72FA5E2CFFCAFEE04A832FB819224E028DF6BC2EED254383C4FC2BA9F559202"
"bronze3.png","4DF3B67C43DFF9F87E4CD56131F5087B53D6999228DA06C33FD7BABB114779B4"
"diamond1.png","24A0F9FC6EA73FF2D87C5DA95692BE8D677C2945FC9474F2DB544B53AD2D0104"
"diamond2.png","551C7959559F29ED14F25B5E906E159CD9D80DE9F8C92FE83539A3F93657C424"
"diamond3.png","89848FCAF825742806D7E1EA3979871C35778018F443631714528860EB6D18EE"
"gold1.png","B9A077FB5AE89C2D99F225F39F60C8B211108E66543C220B776D633D5B26027A"
"gold2.png","6E030A23A9190915765568C9680A4B219618E2C8394FEC38B431FD53AD08D6C3"
"gold3.png","5EF74F46005BB7966DA17A135A0157E5C8B94C997F3C60D0483889DAE6793625"
"onyx1.png","6D7225208387BFBA7852BAEE0B83CA706E7A8D22B89331E553D5E69D00767B51"
"onyx2.png","143D486F92CCE7CDBAB6A66AD7DD015F2F0B69DDC9CA4A4B4EB6459E9C358E12"
"onyx3.png","07590991D21D0B8B91DC34760F7CADD7CD518F590966BB5B67D1CFCBCD194C22"
"platinum1.png","C0FE3F1DF98C92CD2FBE440A655C6310B6CA3C6756B173974C5DBB33744920A6"
"platinum2.png","EFA761AEEC38E726A5F6E108211D0F8417854982553B5D10258521915B0EC8EE"
"platinum3.png","1406579058246FE5AC4D5C56C11052F65F156566C6375536E1396D159A0DB572"
"silver1.png","3DBA4F730D4F84F365056D4F40A614E5335BB60F0146DDCD48862F9FF79A8E32"
"silver2.png","6F2C422BBC9B55CB6B0FF8E50B71274F0A078E626F92351DCB84AA7AE34E2D14"
"silver3.png","45723312E9BD7A4E9009EE97C116440040FB07140B34D0971923257F20817F1B"
